DESPACHO CIFRADO;OPERACION;DESTINACION;REGIMEN;OFICIALIZACION;CANCELACION;AÑO;MES;ADUANA;COTIZACION;MEDIO TRANSPORTE;CANAL;ITEM;PAIS ORIGEN;PAIS PROCEDENCIA/DESTINO;USO;UNIDAD MEDIDA ESTADISTICA;CANTIDAD ESTADISTICA;KILO NETO;KILO BRUTO;FOB DOLAR;FLETE DOLAR;SEGURO DOLAR;IMPONIBLE DOLAR;IMPONIBLE GS;AJUSTE A INCLUIR;AJUSTE A DEDUCIR;POSICION;RUBRO;DESC CAPITULO;DESC POSICION;DESC PARTIDA;MERCADERIA;MARCA ITEM;ACUERDO;DERECHO;ISC;SERVICIO;RENTA;IVA;OTROS;TOTAL
"24DA000000555939";"EXPORTACION";"EFC1";"EXPORTACION COMPLEMENTARIA";"28/11/2024";"02/12/2024";"2024";"DICIEMBRE";"SANTA HELENA";7811.63;"CAMION";"V";1;"PARAGUAY";"BRASIL";"NUEVO";"KILOGRAMO";5000000;32640;32640;5320.32;522.24;0;5840.07;45620461.25;0;0;"1005.90.10.000N";"CEREALES (TRIGO, ARROZ, MAIZ Y SORGO)";"CAPITULO 10  CEREALES";"CAPITULO 10  CEREALES  MAIZ.    -Los dem¿s.       En grano";"MAIZ. ";"MAIZ PARAGUAYO AMARILLO EN GRANOS A GRANEL, SAFRA: 2024.-";"SIN MARCA";"MERCOSUR";0;0;0;0;0;0;0
"24DA000000555940";"EXPORTACION";"EFC1";"EXPORTACION COMPLEMENTARIA";"02/12/2024";"02/12/2024";"2024";"DICIEMBRE";"ENCARNACION";7798.04;"CAMION";"V";1;"PARAGUAY";"URUGUAY";"NUEVO";"KILOGRAMO";330000;21970;21970;3844.75;834.86;0;4697.19;36628851.74;0;0;"1005.90.10.000N";"CEREALES (TRIGO, ARROZ, MAIZ Y SORGO)";"CAPITULO 10  CEREALES";"CAPITULO 10  CEREALES  MAIZ.    -Los dem¿s.       En grano";"MAIZ. ";"MAIZ PARAGUAYO AMARILLO EN GRANOS A GRANEL, SIN MARCA.-";"SIN MARCA";"MERCOSUR";0;0;0;0;0;0;0
"24DA000000555941";"IMPORTACION";"IC04";"IMPORTACION A CONSUMO CON DOCUMENTO DE TRANSPORTE";"02/12/2024";"02/12/2024";"2024";"DICIEMBRE";"ENCARNACION";7798.04;"CAMION";"R";5;"JAPON";"CHILE";"USADO";"UNIDAD";1;1610;1610;3319;363.14;33;3715.14;28970810.3256;0;0;"8703.23.10.900U";"VEHICULOS";"CAPITULO 87 VEHICULOS AUTOMOVILES, TRACTORES, CICLOS Y DEMAS  VEHICULOS TERRESTRES, SUS PARTES Y ACCESORIOS";"CAPITULO 87 VEHICULOS AUTOMOVILES, TRACTORES, CICLOS Y DEMAS  VEHICULOS TERRESTRES, SUS PARTES Y ACCESORIOS  AUTOMOVILES PARA TURISMO Y DEMAS VEHICULOS AUTOMOVILES CONCEBIDOS PRINCIPALMENTE PARA EL TRANSPORTE DE PERSONAS (EXCEPTO LOS DE LA PARTIDA 87.02), INCLUIDOS LOS DEL TIPO FAMILIAR (\"BREAK\" O \"STATION WAGON\") Y LOS DE CARRERAS. -Los dem¿s veh¿culos con motor de ¿mbolo (pist¿n)\n alternativo, de encendido por chispa:\n  -Los dem¿s veh¿culos con motor de ¿mbolo (pist¿n)\n alternativo, de encendido por chispa:\n --De cilindrada superior a 1.500 cm3. pero\n  inferior o igual a 3.000 cm3.\n     Con capacidad para el transporte de personas sentadas inferior o igual a 6, incluido el conductor        Los dem¿s";"AUTOMOVILES PARA TURISMO Y DEMAS VEHICULOS AUTOMOVILES CONCEBIDOS PRINCIPALMENTE PARA EL TRANSPORTE DE PERSONAS (EXCEPTO LOS DE LA PARTIDA 87.02), INCLUIDOS LOS DEL TIPO FAMILIAR (\"BREAK\" O \"STATION WAGON\") Y LOS DE CARRERAS. -Los dem¿s veh¿culos con motor de ¿mbolo (pist¿n)\n alternativo, de encendido por chispa:\n";"1 UND AUTOMOVIL MODELO CROWN A¿O 2008 COLOR PLATEADO";"TOYOTA";"SIN ACUERDO";4345622;0;144854;0;3346129;133845;7970450
"24DA000000555941";"IMPORTACION";"IC04";"IMPORTACION A CONSUMO CON DOCUMENTO DE TRANSPORTE";"02/12/2024";"02/12/2024";"2024";"DICIEMBRE";"ENCARNACION";7798.04;"CAMION";"R";7;"JAPON";"CHILE";"USADO";"UNIDAD";1;1640;1640;4137;304.78;41;4482.78;34956897.7512;0;0;"8703.23.90.900X";"VEHICULOS";"CAPITULO 87 VEHICULOS AUTOMOVILES, TRACTORES, CICLOS Y DEMAS  VEHICULOS TERRESTRES, SUS PARTES Y ACCESORIOS";"CAPITULO 87 VEHICULOS AUTOMOVILES, TRACTORES, CICLOS Y DEMAS  VEHICULOS TERRESTRES, SUS PARTES Y ACCESORIOS  AUTOMOVILES PARA TURISMO Y DEMAS VEHICULOS AUTOMOVILES CONCEBIDOS PRINCIPALMENTE PARA EL TRANSPORTE DE PERSONAS (EXCEPTO LOS DE LA PARTIDA 87.02), INCLUIDOS LOS DEL TIPO FAMILIAR (\"BREAK\" O \"STATION WAGON\") Y LOS DE CARRERAS. -Los dem¿s veh¿culos con motor de ¿mbolo (pist¿n)\n alternativo, de encendido por chispa:\n  -Los dem¿s veh¿culos con motor de ¿mbolo (pist¿n)\n alternativo, de encendido por chispa:\n --De cilindrada superior a 1.500 cm3. pero\n  inferior o igual a 3.000 cm3.\n     Los dem¿s        Los dem¿s";"AUTOMOVILES PARA TURISMO Y DEMAS VEHICULOS AUTOMOVILES CONCEBIDOS PRINCIPALMENTE PARA EL TRANSPORTE DE PERSONAS (EXCEPTO LOS DE LA PARTIDA 87.02), INCLUIDOS LOS DEL TIPO FAMILIAR (\"BREAK\" O \"STATION WAGON\") Y LOS DE CARRERAS. -Los dem¿s veh¿culos con motor de ¿mbolo (pist¿n)\n alternativo, de encendido por chispa:\n";"1 UND STATION WAGON MODELO VOXY A¿O 2008 COLOR BLANCO PERLA";"TOYOTA";"SIN ACUERDO";5243535;0;174784;0;4037522;161501;9617342
"24DA000000555941";"IMPORTACION";"IC04";"IMPORTACION A CONSUMO CON DOCUMENTO DE TRANSPORTE";"02/12/2024";"02/12/2024";"2024";"DICIEMBRE";"ENCARNACION";7798.04;"CAMION";"R";4;"JAPON";"CHILE";"USADO";"UNIDAD";1;1140;1140;2121;246.42;21;2388.42;18624994.6968;0;0;"8703.22.90.900K";"VEHICULOS";"CAPITULO 87 VEHICULOS AUTOMOVILES, TRACTORES, CICLOS Y DEMAS  VEHICULOS TERRESTRES, SUS PARTES Y ACCESORIOS";"CAPITULO 87 VEHICULOS AUTOMOVILES, TRACTORES, CICLOS Y DEMAS  VEHICULOS TERRESTRES, SUS PARTES Y ACCESORIOS  AUTOMOVILES PARA TURISMO Y DEMAS VEHICULOS AUTOMOVILES CONCEBIDOS PRINCIPALMENTE PARA EL TRANSPORTE DE PERSONAS (EXCEPTO LOS DE LA PARTIDA 87.02), INCLUIDOS LOS DEL TIPO FAMILIAR (\"BREAK\" O \"STATION WAGON\") Y LOS DE CARRERAS. -Los dem¿s veh¿culos con motor de ¿mbolo (pist¿n)\n alternativo, de encendido por chispa:\n  -Los dem¿s veh¿culos con motor de ¿mbolo (pist¿n)\n alternativo, de encendido por chispa:\n --De cilindrada superior a 1.000 cm3. pero\n  inferior o igual a 1.500 cm3.     Los dem¿s        Los dem¿s";"AUTOMOVILES PARA TURISMO Y DEMAS VEHICULOS AUTOMOVILES CONCEBIDOS PRINCIPALMENTE PARA EL TRANSPORTE DE PERSONAS (EXCEPTO LOS DE LA PARTIDA 87.02), INCLUIDOS LOS DEL TIPO FAMILIAR (\"BREAK\" O \"STATION WAGON\") Y LOS DE CARRERAS. -Los dem¿s veh¿culos con motor de ¿mbolo (pist¿n)\n alternativo, de encendido por chispa:\n";"1 UND STATION WAGON MODELO RACTIS A¿O 2006 COLOR PLATEADO";"TOYOTA";"SIN ACUERDO";3724999;0;93125;0;2244312;89772;6152208
"24DA000000555941";"IMPORTACION";"IC04";"IMPORTACION A CONSUMO CON DOCUMENTO DE TRANSPORTE";"02/12/2024";"02/12/2024";"2024";"DICIEMBRE";"ENCARNACION";7798.04;"CAMION";"R";8;"ALEMANIA";"CHILE";"USADO";"UNIDAD";1;2060;2060;9793;778.16;98;10669.16;83198536.4464;0;0;"8703.32.10.000X";"VEHICULOS";"CAPITULO 87 VEHICULOS AUTOMOVILES, TRACTORES, CICLOS Y DEMAS  VEHICULOS TERRESTRES, SUS PARTES Y ACCESORIOS";"CAPITULO 87 VEHICULOS AUTOMOVILES, TRACTORES, CICLOS Y DEMAS  VEHICULOS TERRESTRES, SUS PARTES Y ACCESORIOS  AUTOMOVILES PARA TURISMO Y DEMAS VEHICULOS AUTOMOVILES CONCEBIDOS PRINCIPALMENTE PARA EL TRANSPORTE DE PERSONAS (EXCEPTO LOS DE LA PARTIDA 87.02), INCLUIDOS LOS DEL TIPO FAMILIAR (\"BREAK\" O \"STATION WAGON\") Y LOS DE CARRERAS. - Los dem¿s veh¿culos con motor de ¿mbolo (pist¿n), de encendido por compresi¿n (Di¿sel o semi-Di¿sel)  - Los dem¿s veh¿culos con motor de ¿mbolo (pist¿n), de encendido por compresi¿n (Di¿sel o semi-Di¿sel) --De cilindrada superior a 1.500 cm3. pero    \n  inferior o igual a 2.500 cm3  --- Con capacidad de transporte de personas sentadas inferior o igual a 6, incluido el conductor  Con capacidad para el transporte de personas sentadas inferior o igual a 6, incluido el conductor";"AUTOMOVILES PARA TURISMO Y DEMAS VEHICULOS AUTOMOVILES CONCEBIDOS PRINCIPALMENTE PARA EL TRANSPORTE DE PERSONAS (EXCEPTO LOS DE LA PARTIDA 87.02), INCLUIDOS LOS DEL TIPO FAMILIAR (\"BREAK\" O \"STATION WAGON\") Y LOS DE CARRERAS. - Los dem¿s veh¿culos con motor de ¿mbolo (pist¿n), de encendido por compresi¿n (Di¿sel o semi-Di¿sel)";"1 UND AUTOMOVIL MODELO C220 CDI A¿O 2012 COLOR BLANCO";"MERCEDES BENZ";"SIN ACUERDO";20799634;0;415993;0;10441416;417657;32074700
"24DA000000555941";"IMPORTACION";"IC04";"IMPORTACION A CONSUMO CON DOCUMENTO DE TRANSPORTE";"02/12/2024";"02/12/2024";"2024";"DICIEMBRE";"ENCARNACION";7798.04;"CAMION";"R";11;"JAPON";"CHILE";"USADO";"UNIDAD";1;1100;1100;2756;272.34;28;3056.34;23833461.5736;0;0;"8703.22.10.900G";"VEHICULOS";"CAPITULO 87 VEHICULOS AUTOMOVILES, TRACTORES, CICLOS Y DEMAS  VEHICULOS TERRESTRES, SUS PARTES Y ACCESORIOS";"CAPITULO 87 VEHICULOS AUTOMOVILES, TRACTORES, CICLOS Y DEMAS  VEHICULOS TERRESTRES, SUS PARTES Y ACCESORIOS  AUTOMOVILES PARA TURISMO Y DEMAS VEHICULOS AUTOMOVILES CONCEBIDOS PRINCIPALMENTE PARA EL TRANSPORTE DE PERSONAS (EXCEPTO LOS DE LA PARTIDA 87.02), INCLUIDOS LOS DEL TIPO FAMILIAR (\"BREAK\" O \"STATION WAGON\") Y LOS DE CARRERAS. -Los dem¿s veh¿culos con motor de ¿mbolo (pist¿n)\n alternativo, de encendido por chispa:\n  -Los dem¿s veh¿culos con motor de ¿mbolo (pist¿n)\n alternativo, de encendido por chispa:\n --De cilindrada superior a 1.000 cm3. pero\n  inferior o igual a 1.500 cm3.     Con capacidad para el transporte de personas sentadas inferior o igual a 6, incluido el conductor        Los dem¿s";"AUTOMOVILES PARA TURISMO Y DEMAS VEHICULOS AUTOMOVILES CONCEBIDOS PRINCIPALMENTE PARA EL TRANSPORTE DE PERSONAS (EXCEPTO LOS DE LA PARTIDA 87.02), INCLUIDOS LOS DEL TIPO FAMILIAR (\"BREAK\" O \"STATION WAGON\") Y LOS DE CARRERAS. -Los dem¿s veh¿culos con motor de ¿mbolo (pist¿n)\n alternativo, de encendido por chispa:\n";"1 UND AUTOMOVIL MODELO ALLION A¿O 2004 COLOR BLANCO";"TOYOTA";"SIN ACUERDO";4766692;0;119167;0;2871932;114877;7872668
"24DA000000555941";"IMPORTACION";"IC04";"IMPORTACION A CONSUMO CON DOCUMENTO DE TRANSPORTE";"02/12/2024";"02/12/2024";"2024";"DICIEMBRE";"ENCARNACION";7798.04;"CAMION";"R";3;"JAPON";"CHILE";"USADO";"UNIDAD";1;1090;1090;3658;415.02;37;4110.02;32050100.3608;0;0;"8703.22.90.900K";"VEHICULOS";"CAPITULO 87 VEHICULOS AUTOMOVILES, TRACTORES, CICLOS Y DEMAS  VEHICULOS TERRESTRES, SUS PARTES Y ACCESORIOS";"CAPITULO 87 VEHICULOS AUTOMOVILES, TRACTORES, CICLOS Y DEMAS  VEHICULOS TERRESTRES, SUS PARTES Y ACCESORIOS  AUTOMOVILES PARA TURISMO Y DEMAS VEHICULOS AUTOMOVILES CONCEBIDOS PRINCIPALMENTE PARA EL TRANSPORTE DE PERSONAS (EXCEPTO LOS DE LA PARTIDA 87.02), INCLUIDOS LOS DEL TIPO FAMILIAR (\"BREAK\" O \"STATION WAGON\") Y LOS DE CARRERAS. -Los dem¿s veh¿culos con motor de ¿mbolo (pist¿n)\n alternativo, de encendido por chispa:\n  -Los dem¿s veh¿culos con motor de ¿mbolo (pist¿n)\n alternativo, de encendido por chispa:\n --De cilindrada superior a 1.000 cm3. pero\n  inferior o igual a 1.500 cm3.     Los dem¿s        Los dem¿s";"AUTOMOVILES PARA TURISMO Y DEMAS VEHICULOS AUTOMOVILES CONCEBIDOS PRINCIPALMENTE PARA EL TRANSPORTE DE PERSONAS (EXCEPTO LOS DE LA PARTIDA 87.02), INCLUIDOS LOS DEL TIPO FAMILIAR (\"BREAK\" O \"STATION WAGON\") Y LOS DE CARRERAS. -Los dem¿s veh¿culos con motor de ¿mbolo (pist¿n)\n alternativo, de encendido por chispa:\n";"1 UND STATION WAGON MODELO RACTIS A¿O 2011 COLOR PLATEADO";"TOYOTA";"SIN ACUERDO";6410020;0;160251;0;3862037;154481;10586789
"24DA000000555941";"IMPORTACION";"IC04";"IMPORTACION A CONSUMO CON DOCUMENTO DE TRANSPORTE";"02/12/2024";"02/12/2024";"2024";"DICIEMBRE";"ENCARNACION";7798.04;"CAMION";"R";6;"JAPON";"CHILE";"USADO";"UNIDAD";1;1630;1630;3688;427.99;37;4152.99;32385182.1396;0;0;"8703.23.10.900U";"VEHICULOS";"CAPITULO 87 VEHICULOS AUTOMOVILES, TRACTORES, CICLOS Y DEMAS  VEHICULOS TERRESTRES, SUS PARTES Y ACCESORIOS";"CAPITULO 87 VEHICULOS AUTOMOVILES, TRACTORES, CICLOS Y DEMAS  VEHICULOS TERRESTRES, SUS PARTES Y ACCESORIOS  AUTOMOVILES PARA TURISMO Y DEMAS VEHICULOS AUTOMOVILES CONCEBIDOS PRINCIPALMENTE PARA EL TRANSPORTE DE PERSONAS (EXCEPTO LOS DE LA PARTIDA 87.02), INCLUIDOS LOS DEL TIPO FAMILIAR (\"BREAK\" O \"STATION WAGON\") Y LOS DE CARRERAS. -Los dem¿s veh¿culos con motor de ¿mbolo (pist¿n)\n alternativo, de encendido por chispa:\n  -Los dem¿s veh¿culos con motor de ¿mbolo (pist¿n)\n alternativo, de encendido por chispa:\n --De cilindrada superior a 1.500 cm3. pero\n  inferior o igual a 3.000 cm3.\n     Con capacidad para el transporte de personas sentadas inferior o igual a 6, incluido el conductor        Los dem¿s";"AUTOMOVILES PARA TURISMO Y DEMAS VEHICULOS AUTOMOVILES CONCEBIDOS PRINCIPALMENTE PARA EL TRANSPORTE DE PERSONAS (EXCEPTO LOS DE LA PARTIDA 87.02), INCLUIDOS LOS DEL TIPO FAMILIAR (\"BREAK\" O \"STATION WAGON\") Y LOS DE CARRERAS. -Los dem¿s veh¿culos con motor de ¿mbolo (pist¿n)\n alternativo, de encendido por chispa:\n";"1 UND AUTOMOVIL MODELO CROWN A¿O 2009 COLOR BLANCO PERLA";"TOYOTA";"SIN ACUERDO";4857777;0;161926;0;3740489;149620;8909812
"24DA000000555941";"IMPORTACION";"IC04";"IMPORTACION A CONSUMO CON DOCUMENTO DE TRANSPORTE";"02/12/2024";"02/12/2024";"2024";"DICIEMBRE";"ENCARNACION";7798.04;"CAMION";"R";10;"JAPON";"CHILE";"USADO";"UNIDAD";1;1240;1240;2480;272.35;25;2777.35;21657886.394;0;0;"8703.22.10.900G";"VEHICULOS";"CAPITULO 87 VEHICULOS AUTOMOVILES, TRACTORES, CICLOS Y DEMAS  VEHICULOS TERRESTRES, SUS PARTES Y ACCESORIOS";"CAPITULO 87 VEHICULOS AUTOMOVILES, TRACTORES, CICLOS Y DEMAS  VEHICULOS TERRESTRES, SUS PARTES Y ACCESORIOS  AUTOMOVILES PARA TURISMO Y DEMAS VEHICULOS AUTOMOVILES CONCEBIDOS PRINCIPALMENTE PARA EL TRANSPORTE DE PERSONAS (EXCEPTO LOS DE LA PARTIDA 87.02), INCLUIDOS LOS DEL TIPO FAMILIAR (\"BREAK\" O \"STATION WAGON\") Y LOS DE CARRERAS. -Los dem¿s veh¿culos con motor de ¿mbolo (pist¿n)\n alternativo, de encendido por chispa:\n  -Los dem¿s veh¿culos con motor de ¿mbolo (pist¿n)\n alternativo, de encendido por chispa:\n --De cilindrada superior a 1.000 cm3. pero\n  inferior o igual a 1.500 cm3.     Con capacidad para el transporte de personas sentadas inferior o igual a 6, incluido el conductor        Los dem¿s";"AUTOMOVILES PARA TURISMO Y DEMAS VEHICULOS AUTOMOVILES CONCEBIDOS PRINCIPALMENTE PARA EL TRANSPORTE DE PERSONAS (EXCEPTO LOS DE LA PARTIDA 87.02), INCLUIDOS LOS DEL TIPO FAMILIAR (\"BREAK\" O \"STATION WAGON\") Y LOS DE CARRERAS. -Los dem¿s veh¿culos con motor de ¿mbolo (pist¿n)\n alternativo, de encendido por chispa:\n";"1 UND AUTOMOVIL MODELO AURIS A¿O 2007 COLOR PLATEADO";"TOYOTA";"SIN ACUERDO";4331577;0;108289;0;2609775;104391;7154032
"24DA000000555941";"IMPORTACION";"IC04";"IMPORTACION A CONSUMO CON DOCUMENTO DE TRANSPORTE";"02/12/2024";"02/12/2024";"2024";"DICIEMBRE";"ENCARNACION";7798.04;"CAMION";"R";2;"JAPON";"CHILE";"USADO";"UNIDAD";1;1550;1550;3016;220.48;30;3266.48;25472141.6992;0;0;"8703.23.90.900X";"VEHICULOS";"CAPITULO 87 VEHICULOS AUTOMOVILES, TRACTORES, CICLOS Y DEMAS  VEHICULOS TERRESTRES, SUS PARTES Y ACCESORIOS";"CAPITULO 87 VEHICULOS AUTOMOVILES, TRACTORES, CICLOS Y DEMAS  VEHICULOS TERRESTRES, SUS PARTES Y ACCESORIOS  AUTOMOVILES PARA TURISMO Y DEMAS VEHICULOS AUTOMOVILES CONCEBIDOS PRINCIPALMENTE PARA EL TRANSPORTE DE PERSONAS (EXCEPTO LOS DE LA PARTIDA 87.02), INCLUIDOS LOS DEL TIPO FAMILIAR (\"BREAK\" O \"STATION WAGON\") Y LOS DE CARRERAS. -Los dem¿s veh¿culos con motor de ¿mbolo (pist¿n)\n alternativo, de encendido por chispa:\n  -Los dem¿s veh¿culos con motor de ¿mbolo (pist¿n)\n alternativo, de encendido por chispa:\n --De cilindrada superior a 1.500 cm3. pero\n  inferior o igual a 3.000 cm3.\n     Los dem¿s        Los dem¿s";"AUTOMOVILES PARA TURISMO Y DEMAS VEHICULOS AUTOMOVILES CONCEBIDOS PRINCIPALMENTE PARA EL TRANSPORTE DE PERSONAS (EXCEPTO LOS DE LA PARTIDA 87.02), INCLUIDOS LOS DEL TIPO FAMILIAR (\"BREAK\" O \"STATION WAGON\") Y LOS DE CARRERAS. -Los dem¿s veh¿culos con motor de ¿mbolo (pist¿n)\n alternativo, de encendido por chispa:\n";"1 UND STATION WAGON MODELO NOAH A¿O 2005 COLOR PLATEADO";"TOYOTA";"SIN ACUERDO";3820821;0;127361;0;2942032;117681;7007895
"24DA000000555941";"IMPORTACION";"IC04";"IMPORTACION A CONSUMO CON DOCUMENTO DE TRANSPORTE";"02/12/2024";"02/12/2024";"2024";"DICIEMBRE";"ENCARNACION";7798.04;"CAMION";"R";9;"JAPON";"CHILE";"USADO";"UNIDAD";1;1560;1560;4137;304.78;41;4482.78;34956897.7512;0;0;"8703.23.90.900X";"VEHICULOS";"CAPITULO 87 VEHICULOS AUTOMOVILES, TRACTORES, CICLOS Y DEMAS  VEHICULOS TERRESTRES, SUS PARTES Y ACCESORIOS";"CAPITULO 87 VEHICULOS AUTOMOVILES, TRACTORES, CICLOS Y DEMAS  VEHICULOS TERRESTRES, SUS PARTES Y ACCESORIOS  AUTOMOVILES PARA TURISMO Y DEMAS VEHICULOS AUTOMOVILES CONCEBIDOS PRINCIPALMENTE PARA EL TRANSPORTE DE PERSONAS (EXCEPTO LOS DE LA PARTIDA 87.02), INCLUIDOS LOS DEL TIPO FAMILIAR (\"BREAK\" O \"STATION WAGON\") Y LOS DE CARRERAS. -Los dem¿s veh¿culos con motor de ¿mbolo (pist¿n)\n alternativo, de encendido por chispa:\n  -Los dem¿s veh¿culos con motor de ¿mbolo (pist¿n)\n alternativo, de encendido por chispa:\n --De cilindrada superior a 1.500 cm3. pero\n  inferior o igual a 3.000 cm3.\n     Los dem¿s        Los dem¿s";"AUTOMOVILES PARA TURISMO Y DEMAS VEHICULOS AUTOMOVILES CONCEBIDOS PRINCIPALMENTE PARA EL TRANSPORTE DE PERSONAS (EXCEPTO LOS DE LA PARTIDA 87.02), INCLUIDOS LOS DEL TIPO FAMILIAR (\"BREAK\" O \"STATION WAGON\") Y LOS DE CARRERAS. -Los dem¿s veh¿culos con motor de ¿mbolo (pist¿n)\n alternativo, de encendido por chispa:\n";"1 UND STATION WAGON MODELO NOAH A¿O 2008 COLOR PLATEADO";"TOYOTA";"SIN ACUERDO";5243535;0;174784;0;4037522;161501;9617342
"24DA000000555941";"IMPORTACION";"IC04";"IMPORTACION A CONSUMO CON DOCUMENTO DE TRANSPORTE";"02/12/2024";"02/12/2024";"2024";"DICIEMBRE";"ENCARNACION";7798.04;"CAMION";"R";1;"JAPON";"CHILE";"USADO";"UNIDAD";1;1170;1170;1985;194.54;20;2199.54;17152100.9016;0;0;"8703.23.10.900U";"VEHICULOS";"CAPITULO 87 VEHICULOS AUTOMOVILES, TRACTORES, CICLOS Y DEMAS  VEHICULOS TERRESTRES, SUS PARTES Y ACCESORIOS";"CAPITULO 87 VEHICULOS AUTOMOVILES, TRACTORES, CICLOS Y DEMAS  VEHICULOS TERRESTRES, SUS PARTES Y ACCESORIOS  AUTOMOVILES PARA TURISMO Y DEMAS VEHICULOS AUTOMOVILES CONCEBIDOS PRINCIPALMENTE PARA EL TRANSPORTE DE PERSONAS (EXCEPTO LOS DE LA PARTIDA 87.02), INCLUIDOS LOS DEL TIPO FAMILIAR (\"BREAK\" O \"STATION WAGON\") Y LOS DE CARRERAS. -Los dem¿s veh¿culos con motor de ¿mbolo (pist¿n)\n alternativo, de encendido por chispa:\n  -Los dem¿s veh¿culos con motor de ¿mbolo (pist¿n)\n alternativo, de encendido por chispa:\n --De cilindrada superior a 1.500 cm3. pero\n  inferior o igual a 3.000 cm3.\n     Con capacidad para el transporte de personas sentadas inferior o igual a 6, incluido el conductor        Los dem¿s";"AUTOMOVILES PARA TURISMO Y DEMAS VEHICULOS AUTOMOVILES CONCEBIDOS PRINCIPALMENTE PARA EL TRANSPORTE DE PERSONAS (EXCEPTO LOS DE LA PARTIDA 87.02), INCLUIDOS LOS DEL TIPO FAMILIAR (\"BREAK\" O \"STATION WAGON\") Y LOS DE CARRERAS. -Los dem¿s veh¿culos con motor de ¿mbolo (pist¿n)\n alternativo, de encendido por chispa:\n";"1 UND AUTOMOVIL MODELO ALLION A¿O 2004 COLOR PERLA";"TOYOTA";"SIN ACUERDO";2572815;0;85761;0;1981068;79243;4718887
"24DA000000555942";"IMPORTACION";"IC04";"IMPORTACION A CONSUMO CON DOCUMENTO DE TRANSPORTE";"02/12/2024";"02/12/2024";"2024";"DICIEMBRE";"AEROP. PETTIROSSI";7798.04;"AVION";"R";2;"CHINA";"ESTADOS UNIDOS DE AMERICA";"NUEVO";"UNIDAD";48;20;20;235.2;27.72;2.35;265.27;2068586.07;0;0;"8504.40.10.000T";"CAPITULO 85  MAQUINAS, APARATOS Y MATERIAL ELECTRICO Y SUS PARTES; APARATOS DE GRABACION O DE REPROD";"CAPITULO 85  MAQUINAS, APARATOS Y MATERIAL ELECTRICO Y SUS PARTES; APARATOS DE GRABACION O DE REPRODUCCION  DEL SONIDO, APARATOS DE GRABACION O DE REPRODUCCION DE IMAGENES Y DE SONIDOS DE TELEVISION, Y LAS PARTES Y ACCESORIOS DE ESTOSAPARATOS.";"CAPITULO 85  MAQUINAS, APARATOS Y MATERIAL ELECTRICO Y SUS PARTES; APARATOS DE GRABACION O DE REPRODUCCION  DEL SONIDO, APARATOS DE GRABACION O DE REPRODUCCION DE IMAGENES Y DE SONIDOS DE TELEVISION, Y LAS PARTES Y ACCESORIOS DE ESTOSAPARATOS.  TRANSFORMADORES ELECTRICOS, CONVERTIDORES ELECTRICOS ESTATICOS (POR EJEMPLO:\nRECTIFICADORES), BOBINAS DE REACTANCIAS (DE\nAUTOINDUCCION).    -Convertidores est¿ticos.     Cargadores de acumuladores     Cargadores de acumuladores.";"TRANSFORMADORES ELECTRICOS, CONVERTIDORES ELECTRICOS ESTATICOS (POR EJEMPLO:\nRECTIFICADORES), BOBINAS DE REACTANCIAS (DE\nAUTOINDUCCION). ";"CARGADORES DE ACUMULADORES EN: 48 UND DE CHARGING DOCK";"VGR";"SIN ACUERDO";124115;0;10343;22030;27538;0;184026
"24DA000000555942";"IMPORTACION";"IC04";"IMPORTACION A CONSUMO CON DOCUMENTO DE TRANSPORTE";"02/12/2024";"02/12/2024";"2024";"DICIEMBRE";"AEROP. PETTIROSSI";7798.04;"AVION";"R";1;"CHINA";"ESTADOS UNIDOS DE AMERICA";"NUEVO";"UNIDAD";348;512;512;20748;2445.62;207.48;23401.1;182482713.84;0;0;"8510.20.00.000B";"BIENES DE CAPITAL";"CAPITULO 85  MAQUINAS, APARATOS Y MATERIAL ELECTRICO Y SUS PARTES; APARATOS DE GRABACION O DE REPRODUCCION  DEL SONIDO, APARATOS DE GRABACION O DE REPRODUCCION DE IMAGENES Y DE SONIDOS DE TELEVISION, Y LAS PARTES Y ACCESORIOS DE ESTOSAPARATOS.";"CAPITULO 85  MAQUINAS, APARATOS Y MATERIAL ELECTRICO Y SUS PARTES; APARATOS DE GRABACION O DE REPRODUCCION  DEL SONIDO, APARATOS DE GRABACION O DE REPRODUCCION DE IMAGENES Y DE SONIDOS DE TELEVISION, Y LAS PARTES Y ACCESORIOS DE ESTOSAPARATOS.  AFEITADORAS,M¿QUINAS DE CORTAR EL PELO O ESQUILAR Y APARATOS DE DEPILAR,CON MOTOR EL¿CTRICO INCORPORADO.        -M¿quinas de cortar el pelo o de esquilar";"AFEITADORAS,M¿QUINAS DE CORTAR EL PELO O ESQUILAR Y APARATOS DE DEPILAR,CON MOTOR EL¿CTRICO INCORPORADO. ";"348 UND DE MAQUINAS DE CORTAR EL PELO DETALLADAS EN SUBITEM";"";"SIN ACUERDO";0;1833951;912414;0;18522908;2574867;22010189
"24DA000000555942";"IMPORTACION";"IC04";"IMPORTACION A CONSUMO CON DOCUMENTO DE TRANSPORTE";"02/12/2024";"02/12/2024";"2024";"DICIEMBRE";"AEROP. PETTIROSSI";7798.04;"AVION";"R";3;"CHINA";"ESTADOS UNIDOS DE AMERICA";"NUEVO";"UNIDAD";1507;220;220;1657.7;195.4;16.58;1869.68;14579839.43;0;0;"8507.60.00.000R";"CAPITULO 85  MAQUINAS, APARATOS Y MATERIAL ELECTRICO Y SUS PARTES; APARATOS DE GRABACION O DE REPROD";"CAPITULO 85  MAQUINAS, APARATOS Y MATERIAL ELECTRICO Y SUS PARTES; APARATOS DE GRABACION O DE REPRODUCCION  DEL SONIDO, APARATOS DE GRABACION O DE REPRODUCCION DE IMAGENES Y DE SONIDOS DE TELEVISION, Y LAS PARTES Y ACCESORIOS DE ESTOSAPARATOS.";"CAPITULO 85  MAQUINAS, APARATOS Y MATERIAL ELECTRICO Y SUS PARTES; APARATOS DE GRABACION O DE REPRODUCCION  DEL SONIDO, APARATOS DE GRABACION O DE REPRODUCCION DE IMAGENES Y DE SONIDOS DE TELEVISION, Y LAS PARTES Y ACCESORIOS DE ESTOSAPARATOS.  ACUMULADORES ELECTRICOS, INCLUIDOS SUS\nSEPARADORES, AUNQUE SEAN CUADRADOS O RECTANGULARES.        - De i¿n de litio\r\n";"ACUMULADORES ELECTRICOS, INCLUIDOS SUS\nSEPARADORES, AUNQUE SEAN CUADRADOS O RECTANGULARES. ";"ACUMULADORES ELECTRICOS DE IONES DE LITIO EN :1507 UND DE BATERIAS PARA CELULARES";"S-M";"SIN ACUERDO";874790;0;72899;155275;194094;0;1297058
"24DA000000555942";"IMPORTACION";"IC04";"IMPORTACION A CONSUMO CON DOCUMENTO DE TRANSPORTE";"02/12/2024";"02/12/2024";"2024";"DICIEMBRE";"AEROP. PETTIROSSI";7798.04;"AVION";"R";4;"CHINA";"ESTADOS UNIDOS DE AMERICA";"NUEVO";"UNIDAD";60;230;230;9017;1062.86;90.17;10170.03;79306300.74;0;0;"8518.21.00.000L";"CAPITULO 85  MAQUINAS, APARATOS Y MATERIAL ELECTRICO Y SUS PARTES; APARATOS DE GRABACION O DE REPROD";"CAPITULO 85  MAQUINAS, APARATOS Y MATERIAL ELECTRICO Y SUS PARTES; APARATOS DE GRABACION O DE REPRODUCCION  DEL SONIDO, APARATOS DE GRABACION O DE REPRODUCCION DE IMAGENES Y DE SONIDOS DE TELEVISION, Y LAS PARTES Y ACCESORIOS DE ESTOSAPARATOS.";"CAPITULO 85  MAQUINAS, APARATOS Y MATERIAL ELECTRICO Y SUS PARTES; APARATOS DE GRABACION O DE REPRODUCCION  DEL SONIDO, APARATOS DE GRABACION O DE REPRODUCCION DE IMAGENES Y DE SONIDOS DE TELEVISION, Y LAS PARTES Y ACCESORIOS DE ESTOSAPARATOS.  MICR¿FONOS Y SUS SOPORTES; ALTAVOCES (ALTOPARLANTES), INCLUSO  MONTADOS EN SUS CAJAS; AURICULARES, INCLUIDOS LOS DE CASCO, INCLUSO COMBINADOS CON MICR¿FONO, Y JUEGOS O CONJUNTOS CONSTITUIDOS POR UN MICR¿FONO Y UNO O VARIOS ALTAVOCES (ALTOPARLANTES); AMPLIFICADORES EL¿CTRICOS DE AUDIOFRECUENCIA; EQUIPOS EL¿CTRICOS PARA AMPLIFICACI¿N DE SONIDO. -Altavoces (altoparlantes), incluso montados en\n sus cajas  -Altavoces (altoparlantes), incluso montados en\n sus cajas   --Altavoz (altoparlante) unico montado en su caja  --Altavoz (altoparlante) ¿nico montado en su \n  caja.";"MICR¿FONOS Y SUS SOPORTES; ALTAVOCES (ALTOPARLANTES), INCLUSO  MONTADOS EN SUS CAJAS; AURICULARES, INCLUIDOS LOS DE CASCO, INCLUSO COMBINADOS CON MICR¿FONO, Y JUEGOS O CONJUNTOS CONSTITUIDOS POR UN MICR¿FONO Y UNO O VARIOS ALTAVOCES (ALTOPARLANTES); AMPLIFICADORES EL¿CTRICOS DE AUDIOFRECUENCIA; EQUIPOS EL¿CTRICOS PARA AMPLIFICACI¿N DE SONIDO. -Altavoces (altoparlantes), incluso montados en\n sus cajas";"PARLANTES DETALLADOS EN SUBITEMS";"";"SIN ACUERDO";4758378;844612;396532;853058;1066323;844612;7918903
"24DA000000555943";"EXPORTACION";"EFC1";"EXPORTACION COMPLEMENTARIA";"28/11/2024";"02/12/2024";"2024";"DICIEMBRE";"SANTA HELENA";7811.63;"CAMION";"V";1;"PARAGUAY";"BRASIL";"NUEVO";"KILOGRAMO";5000000;33120;33120;5398.56;529.92;0;5925.95;46291350.39;0;0;"1005.90.10.000N";"CEREALES (TRIGO, ARROZ, MAIZ Y SORGO)";"CAPITULO 10  CEREALES";"CAPITULO 10  CEREALES  MAIZ.    -Los dem¿s.       En grano";"MAIZ. ";"MAIZ PARAGUAYO AMARILLO EN GRANOS A GRANEL, SAFRA: 2024.-";"SIN MARCA";"MERCOSUR";0;0;0;0;0;0;0
"24DA000000555944";"IMPORTACION";"IC04";"IMPORTACION A CONSUMO CON DOCUMENTO DE TRANSPORTE";"02/12/2024";"02/12/2024";"2024";"DICIEMBRE";"CIUDAD DEL ESTE";7798.04;"CAMION";"V";6;"BRASIL";"BRASIL";"NUEVO";"UNIDAD";5355;601.82;624.392;7207.6;55.27;10.89;7273.76;56721059.83;0;0;"6104.42.00.000N";"MANUFACTURAS DE TEJIDOS ( PRENDAS Y COMPLEMENTOS DE VESTIR)";"CAPITULO 61  PRENDAS Y COMPLEMENTOS (ACCESORIOS) DE VESTIR, DE PUNTO";"CAPITULO 61  PRENDAS Y COMPLEMENTOS (ACCESORIOS) DE VESTIR, DE PUNTO  TRAJES SASTRE, CONJUNTOS, CHAQUETAS (SACOS), \nVESTIDOS, FALDAS, FALDAS PANTALON, PANTALONES LARGOS, PANTALONES CON PETO Y PANTALONES CORTOS \n(CALZONES) Y \"SHORTS\"(EXCEPTO DE BA¿O), DE PUNTO, PARA MUJERES O NI¿AS. -Vestidos:  -Vestidos:     --De algod¿n.";"TRAJES SASTRE, CONJUNTOS, CHAQUETAS (SACOS), \nVESTIDOS, FALDAS, FALDAS PANTALON, PANTALONES LARGOS, PANTALONES CON PETO Y PANTALONES CORTOS \n(CALZONES) Y \"SHORTS\"(EXCEPTO DE BA¿O), DE PUNTO, PARA MUJERES O NI¿AS. -Vestidos:";"VESTIDOS, DETALLADOS EN LA SUB ITEM";"";"MERCOSUR";0;0;283605;0;5700467;228019;6212091
"24DA000000555944";"IMPORTACION";"IC04";"IMPORTACION A CONSUMO CON DOCUMENTO DE TRANSPORTE";"02/12/2024";"02/12/2024";"2024";"DICIEMBRE";"CIUDAD DEL ESTE";7798.04;"CAMION";"V";15;"BRASIL";"BRASIL";"NUEVO";"UNIDAD";1611;181.05;187.842;4009.96;30.75;6.06;4046.77;31556865.1;0;0;"6103.22.00.000R";"MANUFACTURAS DE TEJIDOS ( PRENDAS Y COMPLEMENTOS DE VESTIR)";"CAPITULO 61  PRENDAS Y COMPLEMENTOS (ACCESORIOS) DE VESTIR, DE PUNTO";"CAPITULO 61  PRENDAS Y COMPLEMENTOS (ACCESORIOS) DE VESTIR, DE PUNTO  TRAJES (AMBOS O TERNOS), CONJUNTOS, CHAQUETAS (SACOS), PANTALONES LARGOS, PANTALONES CON PETO,  PANTALONES CORTOS(CALZONES) Y \"SHORTS\" (EXCEPTO  DE BA¿O), DE PUNTO, PARA HOMBRES O NI¿OS. -Conjuntos:  -Conjuntos:     --De algod¿n.";"TRAJES (AMBOS O TERNOS), CONJUNTOS, CHAQUETAS (SACOS), PANTALONES LARGOS, PANTALONES CON PETO,  PANTALONES CORTOS(CALZONES) Y \"SHORTS\" (EXCEPTO  DE BA¿O), DE PUNTO, PARA HOMBRES O NI¿OS. -Conjuntos:";"294-CONJUNTO PANTALON Y CAMISETA MASC. INF- 100% ALGODON -TAMA¿O 1/2/3, 654-CONJUNTO PANTALON Y CAMISETA MASC. INF. - 100% ALGODON -TAMA¿O 4A10, 663-UND CONJUNTO PAMTALON  Y CAMISETA JUVENIL ALG";"ISENSEE";"MERCOSUR";0;0;157784;0;3171465;126859;3456108
"24DA000000555944";"IMPORTACION";"IC04";"IMPORTACION A CONSUMO CON DOCUMENTO DE TRANSPORTE";"02/12/2024";"02/12/2024";"2024";"DICIEMBRE";"CIUDAD DEL ESTE";7798.04;"CAMION";"V";19;"BRASIL";"BRASIL";"NUEVO";"UNIDAD";6910;776.58;874.299;11657.94;89.4;17.62;11764.96;91743619.68;0;0;"6104.69.00.000A";"MANUFACTURAS DE TEJIDOS ( PRENDAS Y COMPLEMENTOS DE VESTIR)";"CAPITULO 61  PRENDAS Y COMPLEMENTOS (ACCESORIOS) DE VESTIR, DE PUNTO";"CAPITULO 61  PRENDAS Y COMPLEMENTOS (ACCESORIOS) DE VESTIR, DE PUNTO  TRAJES SASTRE, CONJUNTOS, CHAQUETAS (SACOS), \nVESTIDOS, FALDAS, FALDAS PANTALON, PANTALONES LARGOS, PANTALONES CON PETO Y PANTALONES CORTOS \n(CALZONES) Y \"SHORTS\"(EXCEPTO DE BA¿O), DE PUNTO, PARA MUJERES O NI¿AS. -Pantalones largos, pantalones con peto y pantalones cortos(calzones) y \"shorts\":  -Pantalones largos, pantalones con peto y pantalones cortos(calzones) y \"shorts\":     --De las dem¿s materias textiles.";"TRAJES SASTRE, CONJUNTOS, CHAQUETAS (SACOS), \nVESTIDOS, FALDAS, FALDAS PANTALON, PANTALONES LARGOS, PANTALONES CON PETO Y PANTALONES CORTOS \n(CALZONES) Y \"SHORTS\"(EXCEPTO DE BA¿O), DE PUNTO, PARA MUJERES O NI¿AS. -Pantalones largos, pantalones con peto y pantalones cortos(calzones) y \"shorts\":";"6.910-UND PANTALON WIDE LEG MOLETON TAM 1/2/3/4/6/8/10/12/14/16 FEM SURTIDA 50% ALG 50% POL";"MUNDO MANIA";"MERCOSUR";0;0;458718;0;9220234;368809;10047761
"24DA000000555944";"IMPORTACION";"IC04";"IMPORTACION A CONSUMO CON DOCUMENTO DE TRANSPORTE";"02/12/2024";"02/12/2024";"2024";"DICIEMBRE";"CIUDAD DEL ESTE";7798.04;"CAMION";"V";10;"BRASIL";"BRASIL";"NUEVO";"UNIDAD";20016;2249.49;2333.863;29453.6;225.86;44.52;29723.98;231788792.76;0;0;"6103.49.00.000D";"MANUFACTURAS DE TEJIDOS ( PRENDAS Y COMPLEMENTOS DE VESTIR)";"CAPITULO 61  PRENDAS Y COMPLEMENTOS (ACCESORIOS) DE VESTIR, DE PUNTO";"CAPITULO 61  PRENDAS Y COMPLEMENTOS (ACCESORIOS) DE VESTIR, DE PUNTO  TRAJES (AMBOS O TERNOS), CONJUNTOS, CHAQUETAS (SACOS), PANTALONES LARGOS, PANTALONES CON PETO,  PANTALONES CORTOS(CALZONES) Y \"SHORTS\" (EXCEPTO  DE BA¿O), DE PUNTO, PARA HOMBRES O NI¿OS. -Pantalones largos, pantalones con peto y pantalones cortos(calzones)y \"shorts\".  -Pantalones largos, pantalones con peto y pantalones cortos(calzones)y \"shorts\".     --De las dem¿s materias textiles.";"TRAJES (AMBOS O TERNOS), CONJUNTOS, CHAQUETAS (SACOS), PANTALONES LARGOS, PANTALONES CON PETO,  PANTALONES CORTOS(CALZONES) Y \"SHORTS\" (EXCEPTO  DE BA¿O), DE PUNTO, PARA HOMBRES O NI¿OS. -Pantalones largos, pantalones con peto y pantalones cortos(calzones)y \"shorts\".";"PANTALONES LARGOS, PANTALONES CON PETO Y PANTALONES CORTOS(CALZONES)Y \"SHORTS\".";"";"MERCOSUR";0;0;1158944;0;23294774;931791;25385509
"24DA000000555944";"IMPORTACION";"IC04";"IMPORTACION A CONSUMO CON DOCUMENTO DE TRANSPORTE";"02/12/2024";"02/12/2024";"2024";"DICIEMBRE";"CIUDAD DEL ESTE";7798.04;"CAMION";"V";12;"BRASIL";"BRASIL";"NUEVO";"UNIDAD";5025;564.75;585.915;4963.53;38.06;7.51;5009.1;39061128.15;0;0;"6111.20.00.000B";"MANUFACTURAS DE TEJIDOS ( PRENDAS Y COMPLEMENTOS DE VESTIR)";"CAPITULO 61  PRENDAS Y COMPLEMENTOS (ACCESORIOS) DE VESTIR, DE PUNTO";"CAPITULO 61  PRENDAS Y COMPLEMENTOS (ACCESORIOS) DE VESTIR, DE PUNTO  PRENDAS Y COMPLEMENTOS (ACCESORIOS) DE VESTIR,\nDE PUNTO, PARA BEBES.        -De algod¿n.";"PRENDAS Y COMPLEMENTOS (ACCESORIOS) DE VESTIR,\nDE PUNTO, PARA BEBES. ";"PRENDAS Y COMPLEMENTOS (ACCESORIOS) DE VESTIR, DE PUNTO P/BEBE";"";"MERCOSUR";0;0;195306;0;3925643;157026;4277975
"24DA000000555944";"IMPORTACION";"IC04";"IMPORTACION A CONSUMO CON DOCUMENTO DE TRANSPORTE";"02/12/2024";"02/12/2024";"2024";"DICIEMBRE";"CIUDAD DEL ESTE";7798.04;"CAMION";"V";1;"BRASIL";"BRASIL";"NUEVO";"UNIDAD";28600;572;605;4680.39;35.89;7.07;4723.35;36832873.81;0;0;"6302.60.00.000U";"MANUFACTURAS DE TEJIDOS ( PRENDAS Y COMPLEMENTOS DE VESTIR)";"CAPITULO 63LOS DEMAS ARTICULOS TEXTILES CONFECCIONADOS; JUEGOS O SURTIDOS;PRENDERIA Y TRAPOS";"CAPITULO 63LOS DEMAS ARTICULOS TEXTILES CONFECCIONADOS; JUEGOS O SURTIDOS;PRENDERIA Y TRAPOS  ROPA DE CAMA, MESA, TOCADOR O COCINA.        -Ropa de tocador o cocina, de tejido con bucles, del tipo toallas, de algodon.";"ROPA DE CAMA, MESA, TOCADOR O COCINA. ";"572-KG TOALLA SOCIAL 22X35CM ALGODAO (28.600)-UND";"TOAMA";"MERCOSUR";0;0;184164;0;3701704;148068;4033936
"24DA000000555944";"IMPORTACION";"IC04";"IMPORTACION A CONSUMO CON DOCUMENTO DE TRANSPORTE";"02/12/2024";"02/12/2024";"2024";"DICIEMBRE";"CIUDAD DEL ESTE";7798.04;"CAMION";"V";4;"BRASIL";"BRASIL";"NUEVO";"UNIDAD";1564;175.77;182.362;1857.61;14.24;2.81;1874.66;14618703.8;0;0;"6103.42.00.000V";"MANUFACTURAS DE TEJIDOS ( PRENDAS Y COMPLEMENTOS DE VESTIR)";"CAPITULO 61  PRENDAS Y COMPLEMENTOS (ACCESORIOS) DE VESTIR, DE PUNTO";"CAPITULO 61  PRENDAS Y COMPLEMENTOS (ACCESORIOS) DE VESTIR, DE PUNTO  TRAJES (AMBOS O TERNOS), CONJUNTOS, CHAQUETAS (SACOS), PANTALONES LARGOS, PANTALONES CON PETO,  PANTALONES CORTOS(CALZONES) Y \"SHORTS\" (EXCEPTO  DE BA¿O), DE PUNTO, PARA HOMBRES O NI¿OS. -Pantalones largos, pantalones con peto y pantalones cortos(calzones)y \"shorts\".  -Pantalones largos, pantalones con peto y pantalones cortos(calzones)y \"shorts\".     --De algod¿n.";"TRAJES (AMBOS O TERNOS), CONJUNTOS, CHAQUETAS (SACOS), PANTALONES LARGOS, PANTALONES CON PETO,  PANTALONES CORTOS(CALZONES) Y \"SHORTS\" (EXCEPTO  DE BA¿O), DE PUNTO, PARA HOMBRES O NI¿OS. -Pantalones largos, pantalones con peto y pantalones cortos(calzones)y \"shorts\".";"620-UND CALCA MASCULINO - INFANTIL - 100% ALGODAO - TAMANHO 1/2/3, 413-UND CALCA MASCULINO - INFANTIL - 100% ALGODON - TAMA¿O 4A10, 531-UND CALCA MASCULINO - JUVENIL - 100% ALGODON - TAMA¿O 12 A 16";"ISENSEE";"MERCOSUR";0;0;73094;0;1469180;58767;1601041
"24DA000000555944";"IMPORTACION";"IC04";"IMPORTACION A CONSUMO CON DOCUMENTO DE TRANSPORTE";"02/12/2024";"02/12/2024";"2024";"DICIEMBRE";"CIUDAD DEL ESTE";7798.04;"CAMION";"V";21;"BRASIL";"BRASIL";"NUEVO";"UNIDAD";105;11.8;12.237;155.89;1.2;0.23;157.32;1226786.5;0;0;"6104.23.00.000X";"MANUFACTURAS DE TEJIDOS ( PRENDAS Y COMPLEMENTOS DE VESTIR)";"CAPITULO 61  PRENDAS Y COMPLEMENTOS (ACCESORIOS) DE VESTIR, DE PUNTO";"CAPITULO 61  PRENDAS Y COMPLEMENTOS (ACCESORIOS) DE VESTIR, DE PUNTO  TRAJES SASTRE, CONJUNTOS, CHAQUETAS (SACOS), \nVESTIDOS, FALDAS, FALDAS PANTALON, PANTALONES LARGOS, PANTALONES CON PETO Y PANTALONES CORTOS \n(CALZONES) Y \"SHORTS\"(EXCEPTO DE BA¿O), DE PUNTO, PARA MUJERES O NI¿AS. -Conjuntos  -Conjuntos     --De fibras sint¿ticas.";"TRAJES SASTRE, CONJUNTOS, CHAQUETAS (SACOS), \nVESTIDOS, FALDAS, FALDAS PANTALON, PANTALONES LARGOS, PANTALONES CON PETO Y PANTALONES CORTOS \n(CALZONES) Y \"SHORTS\"(EXCEPTO DE BA¿O), DE PUNTO, PARA MUJERES O NI¿AS. -Conjuntos";"105- CONJUNTO SOFT CON CASACO Y PANTALON - TAMA¿O 1/2/3 100% POLIESTER FEMININO / SORTIDA";"MUNDO MANIA";"MERCOSUR";0;0;6134;0;123292;4932;134358
"24DA000000555944";"IMPORTACION";"IC04";"IMPORTACION A CONSUMO CON DOCUMENTO DE TRANSPORTE";"02/12/2024";"02/12/2024";"2024";"DICIEMBRE";"CIUDAD DEL ESTE";7798.04;"CAMION";"V";7;"BRASIL";"BRASIL";"NUEVO";"UNIDAD";3090;347.27;360.294;5707.57;43.77;8.63;5759.97;44916459.51;0;0;"6104.22.00.000K";"MANUFACTURAS DE TEJIDOS ( PRENDAS Y COMPLEMENTOS DE VESTIR)";"CAPITULO 61  PRENDAS Y COMPLEMENTOS (ACCESORIOS) DE VESTIR, DE PUNTO";"CAPITULO 61  PRENDAS Y COMPLEMENTOS (ACCESORIOS) DE VESTIR, DE PUNTO  TRAJES SASTRE, CONJUNTOS, CHAQUETAS (SACOS), \nVESTIDOS, FALDAS, FALDAS PANTALON, PANTALONES LARGOS, PANTALONES CON PETO Y PANTALONES CORTOS \n(CALZONES) Y \"SHORTS\"(EXCEPTO DE BA¿O), DE PUNTO, PARA MUJERES O NI¿AS. -Conjuntos  -Conjuntos     --De algod¿n.";"TRAJES SASTRE, CONJUNTOS, CHAQUETAS (SACOS), \nVESTIDOS, FALDAS, FALDAS PANTALON, PANTALONES LARGOS, PANTALONES CON PETO Y PANTALONES CORTOS \n(CALZONES) Y \"SHORTS\"(EXCEPTO DE BA¿O), DE PUNTO, PARA MUJERES O NI¿AS. -Conjuntos";"CONJUNTOS DE ALGODON";"";"MERCOSUR";0;0;224582;0;4514104;180564;4919250
"24DA000000555944";"IMPORTACION";"IC04";"IMPORTACION A CONSUMO CON DOCUMENTO DE TRANSPORTE";"02/12/2024";"02/12/2024";"2024";"DICIEMBRE";"CIUDAD DEL ESTE";7798.04;"CAMION";"V";9;"BRASIL";"BRASIL";"NUEVO";"UNIDAD";2840;319.17;331.144;3220.88;24.7;4.87;3250.45;25347129.9;0;0;"6104.42.00.000N";"MANUFACTURAS DE TEJIDOS ( PRENDAS Y COMPLEMENTOS DE VESTIR)";"CAPITULO 61  PRENDAS Y COMPLEMENTOS (ACCESORIOS) DE VESTIR, DE PUNTO";"CAPITULO 61  PRENDAS Y COMPLEMENTOS (ACCESORIOS) DE VESTIR, DE PUNTO  TRAJES SASTRE, CONJUNTOS, CHAQUETAS (SACOS), \nVESTIDOS, FALDAS, FALDAS PANTALON, PANTALONES LARGOS, PANTALONES CON PETO Y PANTALONES CORTOS \n(CALZONES) Y \"SHORTS\"(EXCEPTO DE BA¿O), DE PUNTO, PARA MUJERES O NI¿AS. -Vestidos:  -Vestidos:     --De algod¿n.";"TRAJES SASTRE, CONJUNTOS, CHAQUETAS (SACOS), \nVESTIDOS, FALDAS, FALDAS PANTALON, PANTALONES LARGOS, PANTALONES CON PETO Y PANTALONES CORTOS \n(CALZONES) Y \"SHORTS\"(EXCEPTO DE BA¿O), DE PUNTO, PARA MUJERES O NI¿AS. -Vestidos:";"PANTALONES LARGOS, PANTALONES CON PETO Y PANTALONES CORTOS(CALZONES)Y \"SHORTS\".";"";"MERCOSUR";0;0;126736;0;2547387;101895;2776018
"24DA000000555944";"IMPORTACION";"IC04";"IMPORTACION A CONSUMO CON DOCUMENTO DE TRANSPORTE";"02/12/2024";"02/12/2024";"2024";"DICIEMBRE";"CIUDAD DEL ESTE";7798.04;"CAMION";"V";14;"BRASIL";"BRASIL";"NUEVO";"UNIDAD";5266;591.82;614.015;7746.91;59.41;11.71;7818.02;60965264.13;0;0;"6111.30.00.000Q";"MANUFACTURAS DE TEJIDOS ( PRENDAS Y COMPLEMENTOS DE VESTIR)";"CAPITULO 61  PRENDAS Y COMPLEMENTOS (ACCESORIOS) DE VESTIR, DE PUNTO";"CAPITULO 61  PRENDAS Y COMPLEMENTOS (ACCESORIOS) DE VESTIR, DE PUNTO  PRENDAS Y COMPLEMENTOS (ACCESORIOS) DE VESTIR,\nDE PUNTO, PARA BEBES.        -De fibras sint¿ticas.";"PRENDAS Y COMPLEMENTOS (ACCESORIOS) DE VESTIR,\nDE PUNTO, PARA BEBES. ";"PRENDAS Y COMPLEMENTOS (ACCESORIOS) DE VESTIR, DE PUNTO PARA BEBES, DE FIBRAS SINTETICAS";"";"MERCOSUR";0;0;304826;0;6127009;245080;6676915
"24DA000000555944";"IMPORTACION";"IC04";"IMPORTACION A CONSUMO CON DOCUMENTO DE TRANSPORTE";"02/12/2024";"02/12/2024";"2024";"DICIEMBRE";"CIUDAD DEL ESTE";7798.04;"CAMION";"V";3;"BRASIL";"BRASIL";"NUEVO";"UNIDAD";8996;1011.01;1048.932;11426.17;87.62;17.27;11531.06;89919659.42;0;0;"6103.42.00.000V";"MANUFACTURAS DE TEJIDOS ( PRENDAS Y COMPLEMENTOS DE VESTIR)";"CAPITULO 61  PRENDAS Y COMPLEMENTOS (ACCESORIOS) DE VESTIR, DE PUNTO";"CAPITULO 61  PRENDAS Y COMPLEMENTOS (ACCESORIOS) DE VESTIR, DE PUNTO  TRAJES (AMBOS O TERNOS), CONJUNTOS, CHAQUETAS (SACOS), PANTALONES LARGOS, PANTALONES CON PETO,  PANTALONES CORTOS(CALZONES) Y \"SHORTS\" (EXCEPTO  DE BA¿O), DE PUNTO, PARA HOMBRES O NI¿OS. -Pantalones largos, pantalones con peto y pantalones cortos(calzones)y \"shorts\".  -Pantalones largos, pantalones con peto y pantalones cortos(calzones)y \"shorts\".     --De algod¿n.";"TRAJES (AMBOS O TERNOS), CONJUNTOS, CHAQUETAS (SACOS), PANTALONES LARGOS, PANTALONES CON PETO,  PANTALONES CORTOS(CALZONES) Y \"SHORTS\" (EXCEPTO  DE BA¿O), DE PUNTO, PARA HOMBRES O NI¿OS. -Pantalones largos, pantalones con peto y pantalones cortos(calzones)y \"shorts\".";"BERMUDAS, DETALLADOS EN LA SUB ITEM";"";"MERCOSUR";0;0;449598;0;9036926;361477;9848001
"24DA000000555944";"IMPORTACION";"IC04";"IMPORTACION A CONSUMO CON DOCUMENTO DE TRANSPORTE";"02/12/2024";"02/12/2024";"2024";"DICIEMBRE";"CIUDAD DEL ESTE";7798.04;"CAMION";"V";8;"BRASIL";"BRASIL";"NUEVO";"UNIDAD";7200;809.17;839.519;6721.45;51.54;10.16;6783.15;52895298.93;0;0;"6104.62.00.000R";"MANUFACTURAS DE TEJIDOS ( PRENDAS Y COMPLEMENTOS DE VESTIR)";"CAPITULO 61  PRENDAS Y COMPLEMENTOS (ACCESORIOS) DE VESTIR, DE PUNTO";"CAPITULO 61  PRENDAS Y COMPLEMENTOS (ACCESORIOS) DE VESTIR, DE PUNTO  TRAJES SASTRE, CONJUNTOS, CHAQUETAS (SACOS), \nVESTIDOS, FALDAS, FALDAS PANTALON, PANTALONES LARGOS, PANTALONES CON PETO Y PANTALONES CORTOS \n(CALZONES) Y \"SHORTS\"(EXCEPTO DE BA¿O), DE PUNTO, PARA MUJERES O NI¿AS. -Pantalones largos, pantalones con peto y pantalones cortos(calzones) y \"shorts\":  -Pantalones largos, pantalones con peto y pantalones cortos(calzones) y \"shorts\":     --De algod¿n.";"TRAJES SASTRE, CONJUNTOS, CHAQUETAS (SACOS), \nVESTIDOS, FALDAS, FALDAS PANTALON, PANTALONES LARGOS, PANTALONES CON PETO Y PANTALONES CORTOS \n(CALZONES) Y \"SHORTS\"(EXCEPTO DE BA¿O), DE PUNTO, PARA MUJERES O NI¿AS. -Pantalones largos, pantalones con peto y pantalones cortos(calzones) y \"shorts\":";"PANTALONES LARGOS, PANTALONES CON PETO Y PANTALONES CORTOS(CALZONES) Y \"SHORTS\" DETALLADOS EN LA SUB ITEM";"";"MERCOSUR";0;0;264476;0;5315978;212639;5793093
"24DA000000555944";"IMPORTACION";"IC04";"IMPORTACION A CONSUMO CON DOCUMENTO DE TRANSPORTE";"02/12/2024";"02/12/2024";"2024";"DICIEMBRE";"CIUDAD DEL ESTE";7798.04;"CAMION";"V";11;"BRASIL";"BRASIL";"NUEVO";"UNIDAD";1000;112.38;116.6;2005.98;15.38;3.03;2024.39;15786274.66;0;0;"6111.20.00.000B";"MANUFACTURAS DE TEJIDOS ( PRENDAS Y COMPLEMENTOS DE VESTIR)";"CAPITULO 61  PRENDAS Y COMPLEMENTOS (ACCESORIOS) DE VESTIR, DE PUNTO";"CAPITULO 61  PRENDAS Y COMPLEMENTOS (ACCESORIOS) DE VESTIR, DE PUNTO  PRENDAS Y COMPLEMENTOS (ACCESORIOS) DE VESTIR,\nDE PUNTO, PARA BEBES.        -De algod¿n.";"PRENDAS Y COMPLEMENTOS (ACCESORIOS) DE VESTIR,\nDE PUNTO, PARA BEBES. ";"1000-CONJUNTO PANTALON Y CAMISETA P/ BEBE - 100% ALGODON -TAMA¿O P/M/G";"ISENSEE";"MERCOSUR";0;0;78931;0;1586521;63461;1728913
"24DA000000555944";"IMPORTACION";"IC04";"IMPORTACION A CONSUMO CON DOCUMENTO DE TRANSPORTE";"02/12/2024";"02/12/2024";"2024";"DICIEMBRE";"CIUDAD DEL ESTE";7798.04;"CAMION";"V";13;"BRASIL";"BRASIL";"NUEVO";"UNIDAD";909;102.16;105.989;2538.08;19.46;3.84;2561.38;19973752.68;0;0;"6111.30.00.000Q";"MANUFACTURAS DE TEJIDOS ( PRENDAS Y COMPLEMENTOS DE VESTIR)";"CAPITULO 61  PRENDAS Y COMPLEMENTOS (ACCESORIOS) DE VESTIR, DE PUNTO";"CAPITULO 61  PRENDAS Y COMPLEMENTOS (ACCESORIOS) DE VESTIR, DE PUNTO  PRENDAS Y COMPLEMENTOS (ACCESORIOS) DE VESTIR,\nDE PUNTO, PARA BEBES.        -De fibras sint¿ticas.";"PRENDAS Y COMPLEMENTOS (ACCESORIOS) DE VESTIR,\nDE PUNTO, PARA BEBES. ";"909-CONJUNTO PANTALON Y CAMISETA - BEBE - 100% POLIESTER - TAMANHO P/M/G";"ISENSEE";"MERCOSUR";0;0;99869;0;2007362;80294;2187525
"24DA000000555944";"IMPORTACION";"IC04";"IMPORTACION A CONSUMO CON DOCUMENTO DE TRANSPORTE";"02/12/2024";"02/12/2024";"2024";"DICIEMBRE";"CIUDAD DEL ESTE";7798.04;"CAMION";"V";18;"BRASIL";"BRASIL";"NUEVO";"UNIDAD";105;11.8;12.243;155.89;1.2;0.23;157.32;1226786.5;0;0;"6103.23.00.000D";"MANUFACTURAS DE TEJIDOS ( PRENDAS Y COMPLEMENTOS DE VESTIR)";"CAPITULO 61  PRENDAS Y COMPLEMENTOS (ACCESORIOS) DE VESTIR, DE PUNTO";"CAPITULO 61  PRENDAS Y COMPLEMENTOS (ACCESORIOS) DE VESTIR, DE PUNTO  TRAJES (AMBOS O TERNOS), CONJUNTOS, CHAQUETAS (SACOS), PANTALONES LARGOS, PANTALONES CON PETO,  PANTALONES CORTOS(CALZONES) Y \"SHORTS\" (EXCEPTO  DE BA¿O), DE PUNTO, PARA HOMBRES O NI¿OS. -Conjuntos:  -Conjuntos:     --De fibras sint¿ticas.";"TRAJES (AMBOS O TERNOS), CONJUNTOS, CHAQUETAS (SACOS), PANTALONES LARGOS, PANTALONES CON PETO,  PANTALONES CORTOS(CALZONES) Y \"SHORTS\" (EXCEPTO  DE BA¿O), DE PUNTO, PARA HOMBRES O NI¿OS. -Conjuntos:";"105-CONJUNTO SOFT CON BLUSAO DE CAPUZ Y PANTALON - TAMA¿O 1/2/3 100% POLIESTER MASCULINO / SURTIDA";"MUNDO MANIA";"MERCOSUR";0;0;6134;0;123292;4932;134358
"24DA000000555944";"IMPORTACION";"IC04";"IMPORTACION A CONSUMO CON DOCUMENTO DE TRANSPORTE";"02/12/2024";"02/12/2024";"2024";"DICIEMBRE";"CIUDAD DEL ESTE";7798.04;"CAMION";"V";2;"BRASIL";"BRASIL";"NUEVO";"UNIDAD";47596;4841.35;5011.385;63447.31;486.53;95.9;64029.75;499306515.3;0;0;"6109.10.00.000P";"MANUFACTURAS DE TEJIDOS ( PRENDAS Y COMPLEMENTOS DE VESTIR)";"CAPITULO 61  PRENDAS Y COMPLEMENTOS (ACCESORIOS) DE VESTIR, DE PUNTO";"CAPITULO 61  PRENDAS Y COMPLEMENTOS (ACCESORIOS) DE VESTIR, DE PUNTO  \"T SHIRTS\" Y CAMISETAS INTERIORES, DE PUNTO.        -De algod¿n.";"\"T SHIRTS\" Y CAMISETAS INTERIORES, DE PUNTO. ";"\"T SHIRTS\" Y CAMISETAS INTERIORES, DE PUNTO.";"";"MERCOSUR";0;0;2496533;0;50180305;2007212;54684050
"24DA000000555944";"IMPORTACION";"IC04";"IMPORTACION A CONSUMO CON DOCUMENTO DE TRANSPORTE";"02/12/2024";"02/12/2024";"2024";"DICIEMBRE";"CIUDAD DEL ESTE";7798.04;"CAMION";"V";5;"BRASIL";"BRASIL";"NUEVO";"UNIDAD";19271;2165.77;2246.996;26771.02;205.29;40.46;27016.77;210677844.49;0;0;"6106.10.00.000J";"MANUFACTURAS DE TEJIDOS ( PRENDAS Y COMPLEMENTOS DE VESTIR)";"CAPITULO 61  PRENDAS Y COMPLEMENTOS (ACCESORIOS) DE VESTIR, DE PUNTO";"CAPITULO 61  PRENDAS Y COMPLEMENTOS (ACCESORIOS) DE VESTIR, DE PUNTO  CAMISAS, BLUSAS Y BLUSAS CAMISERAS, DE PUNTO,\nPARA MUJERES O NI¿AS.        -De algod¿n.";"CAMISAS, BLUSAS Y BLUSAS CAMISERAS, DE PUNTO,\nPARA MUJERES O NI¿AS. ";"CAMISAS, BLUSAS Y BLUSAS CAMISERAS, DE PUNTO, PARA MUJERES O NI¿AS";"";"MERCOSUR";0;0;1053389;0;21173123;846925;23073437
"24DA000000555944";"IMPORTACION";"IC04";"IMPORTACION A CONSUMO CON DOCUMENTO DE TRANSPORTE";"02/12/2024";"02/12/2024";"2024";"DICIEMBRE";"CIUDAD DEL ESTE";7798.04;"CAMION";"V";16;"BRASIL";"BRASIL";"NUEVO";"UNIDAD";759;85.3;88.499;1746.68;13.39;2.64;1762.71;13745689.13;0;0;"6108.32.00.000Y";"MANUFACTURAS DE TEJIDOS ( PRENDAS Y COMPLEMENTOS DE VESTIR)";"CAPITULO 61  PRENDAS Y COMPLEMENTOS (ACCESORIOS) DE VESTIR, DE PUNTO";"CAPITULO 61  PRENDAS Y COMPLEMENTOS (ACCESORIOS) DE VESTIR, DE PUNTO  COMBINACIONES, ENAGUAS, BRAGAS (BOMBACHAS, CALZONES), (INCLUSO LAS QUE NO LLEGAN HASTA LA\nCINTURA), CAMISONES, PIJAMAS, SALTOS DE CAMA, \nALBORNOCES DE BA¿O, BATAS DE CASA Y ARTICULOS SIMILARES, DE PUNTO PARA MUJERES O NI¿AS. -Camisones y pijamas:  -Camisones y pijamas:     --De fibras sint¿ticas o artificiales.";"COMBINACIONES, ENAGUAS, BRAGAS (BOMBACHAS, CALZONES), (INCLUSO LAS QUE NO LLEGAN HASTA LA\nCINTURA), CAMISONES, PIJAMAS, SALTOS DE CAMA, \nALBORNOCES DE BA¿O, BATAS DE CASA Y ARTICULOS SIMILARES, DE PUNTO PARA MUJERES O NI¿AS. -Camisones y pijamas:";"376-CONJUNTO PIJAMA PANTALON Y CAMISETA FEMININO - INFANTIL - 100% POLIESTER - TAMA¿O 1/2/3, 383-CONJUNTO PIJAMA PANTALON Y CAMISETA FEMININO - INFANTIL - 100% POLIESTER - TAMA¿O 4 A 10";"ISENSEE";"MERCOSUR";0;0;68728;0;1381442;55258;1505428
"24DA000000555944";"IMPORTACION";"IC04";"IMPORTACION A CONSUMO CON DOCUMENTO DE TRANSPORTE";"02/12/2024";"02/12/2024";"2024";"DICIEMBRE";"CIUDAD DEL ESTE";7798.04;"CAMION";"V";17;"BRASIL";"BRASIL";"NUEVO";"UNIDAD";3850;432.68;448.909;9762.56;74.86;14.76;9852.17;76827638.17;0;0;"6101.30.00.000V";"MANUFACTURAS DE TEJIDOS ( PRENDAS Y COMPLEMENTOS DE VESTIR)";"CAPITULO 61  PRENDAS Y COMPLEMENTOS (ACCESORIOS) DE VESTIR, DE PUNTO";"CAPITULO 61  PRENDAS Y COMPLEMENTOS (ACCESORIOS) DE VESTIR, DE PUNTO  ABRIGOS, CHAQUETONES, CAPAS, ANORAKS, CAZADORAS Y ARTICULOS SIMILARES, DE PUNTO, PARA  HOMBRES O NI¿OS, EXCEPTO LOS ARTICULOS DE LA PARTIDA 6103.        -De fibras sint¿ticas o artificiales.\n";"ABRIGOS, CHAQUETONES, CAPAS, ANORAKS, CAZADORAS Y ARTICULOS SIMILARES, DE PUNTO, PARA  HOMBRES O NI¿OS, EXCEPTO LOS ARTICULOS DE LA PARTIDA 6103. ";"3.850-UND CHAQUETA MASCULINO - INFANTIL - 100% POLIESTER - TAMA¿O 4 A 10";"ISENSEE";"MERCOSUR";0;0;384138;0;7721178;308847;8414163
"24DA000000555944";"IMPORTACION";"IC04";"IMPORTACION A CONSUMO CON DOCUMENTO DE TRANSPORTE";"02/12/2024";"02/12/2024";"2024";"DICIEMBRE";"CIUDAD DEL ESTE";7798.04;"CAMION";"V";20;"BRASIL";"BRASIL";"NUEVO";"UNIDAD";8058;905.6;989.565;11215.67;86;16.95;11318.62;88263066.2;0;0;"6102.90.00.000Y";"MANUFACTURAS DE TEJIDOS ( PRENDAS Y COMPLEMENTOS DE VESTIR)";"CAPITULO 61  PRENDAS Y COMPLEMENTOS (ACCESORIOS) DE VESTIR, DE PUNTO";"CAPITULO 61  PRENDAS Y COMPLEMENTOS (ACCESORIOS) DE VESTIR, DE PUNTO  ABRIGOS, CHAQUETONES, CAPAS, ANORAKS, CAZADORAS Y ARTICULOS SIMILARES, DE PUNTO, PARA MUJERES O NI¿AS, EXCEPTO LOS ARTICULOS DE LA PARTIDA 6104.        -De las dem¿s materias textiles.";"ABRIGOS, CHAQUETONES, CAPAS, ANORAKS, CAZADORAS Y ARTICULOS SIMILARES, DE PUNTO, PARA MUJERES O NI¿AS, EXCEPTO LOS ARTICULOS DE LA PARTIDA 6104. ";"8.058-UND CROPPED MOLETOM CON CAPUZ TAM 4/6/8/10/12/14/16  50% ALG. 50% POL";"MUNDO MANIA";"MERCOSUR";0;0;441315;0;8870438;354818;9666571
"24DA000000555945";"IMPORTACION";"IM04";"IMPORTACION MENOR A CONSUMO CON DOCUMENTO DE TRANSPORTE";"02/12/2024";"02/12/2024";"2024";"DICIEMBRE";"AEROP. PETTIROSSI";7798.04;"AVION";"R";1;"CHINA";"CHINA";"NUEVO";"KILOGRAMO";38.2;38.2;42;64.35;637.65;0.64;702.64;5479214.83;0;0;"3920.59.00.000E";"PLASTICOS Y SUS MANUFACTURAS";"CAPITULO 39 MATERIAS PLASTICAS Y MANUFACTURAS DE ESTAS  MATERIAS";"CAPITULO 39 MATERIAS PLASTICAS Y MANUFACTURAS DE ESTAS  MATERIAS  LAS DEMAS PLACAS, LAMINAS, HOJAS, Y TIRAS, DE PLASTICO NO CELULAR Y SIN REFUERZO, ESTRATIFICACION NI SOPORTE O COMBINACION SIMILAR \nCON OTRAS MATERIAS. -De polimeros acr¿licos:  -De polimeros acr¿licos:     --Las demas";"LAS DEMAS PLACAS, LAMINAS, HOJAS, Y TIRAS, DE PLASTICO NO CELULAR Y SIN REFUERZO, ESTRATIFICACION NI SOPORTE O COMBINACION SIMILAR \nCON OTRAS MATERIAS. -De polimeros acr¿licos:";"195 UNIDADES DE RAINBOW ACRYLIC BOARD; SIZE: 200*300*2.6MM; COLOR: RED/BLUE;";"XISHUN";"SIN ACUERDO";789007;0;27396;0;629562;25182;1471147
"24DA000000555946";"IMPORTACION";"IC04";"IMPORTACION A CONSUMO CON DOCUMENTO DE TRANSPORTE";"02/12/2024";"02/12/2024";"2024";"DICIEMBRE";"CIUDAD DEL ESTE";7798.04;"CAMION";"V";1;"BRASIL";"BRASIL";"NUEVO";"KILOGRAMO";23580;23580;24500;21929.4;2269.22;65.79;23264.41;181416799.76;0;1000;"4802.56.10.000B";"PAPEL Y CARTON";"CAPITULO 48 PAPEL Y CARTON; MANUFACTURAS DE PASTA DECELULOSA, DE PAPEL O DE CARTON";"CAPITULO 48 PAPEL Y CARTON; MANUFACTURAS DE PASTA DECELULOSA, DE PAPEL O DE CARTON  PAPEL Y CARTON, SIN ESTUCAR NI RECUBRIR, DE LOS\nTIPOS UTILIZADOS PARA ESCRIBIR, IMPRIMIR U\nOTROS FINES GRAFICOS, Y PAPEL Y CARTON PARA \nTARJETAS O CINTAS PARA PERFORAR(SIN PERFORAR), EN BOBINAS (ROLLOS)O EN HOJAS DE FORMA CUADRADA O RECTANGULAR, DE CUALQUIER TAMA¿O, EXCEPTO LOS DE LAS PARTIDAS NRO.4801 O 4803; PAPEL Y CARTON HECHOS A MANO (HOJA A HOJA). -Los dem¿s papeles y cartones, sin fibras\n obtenidas por procedimiento mec¿nico o qu¿mico-mec¿nico o con un contenido total de estas fibras inferior o igual al 10% en peso del contenido total de fibra:  -Los dem¿s papeles y cartones, sin fibras\n obtenidas por procedimiento mec¿nico o qu¿mico-mec¿nico o con un contenido total de estas fibras inferior o igual al 10% en peso del contenido total de fibra: --De peso superior o igual a 40 g/m2 pero inferior o igual a 150 g/m2, en hojas en las que un lado sea inferior o igual 435 mm y el otro sea inferior o igual a 297 mm, medidos sin plegar       En las que ning¿n lado sea superior a 360 mm, medidos sin plegar";"PAPEL Y CARTON, SIN ESTUCAR NI RECUBRIR, DE LOS\nTIPOS UTILIZADOS PARA ESCRIBIR, IMPRIMIR U\nOTROS FINES GRAFICOS, Y PAPEL Y CARTON PARA \nTARJETAS O CINTAS PARA PERFORAR(SIN PERFORAR), EN BOBINAS (ROLLOS)O EN HOJAS DE FORMA CUADRADA O RECTANGULAR, DE CUALQUIER TAMA¿O, EXCEPTO LOS DE LAS PARTIDAS NRO.4801 O 4803; PAPEL Y CARTON HECHOS A MANO (HOJA A HOJA). -Los dem¿s papeles y cartones, sin fibras\n obtenidas por procedimiento mec¿nico o qu¿mico-mec¿nico o con un contenido total de estas fibras inferior o igual al 10% en peso del contenido total de fibra:";"23.580 (VEINTE Y TRES MIL QUINIENTOS OCHENTA) KILOS NETO PAPEL PARA IMPRESION (CORTADOS) EN RESMAS PAPEL CHAMEX OFFSET CUTSIZE 075 GRS. FORMATO 0210 X 0297 MM ( 1.008 CAJAS ).-";"CHAMEX";"MERCOSUR";0;0;907084;0;18232388;729296;19868768
"24DA000000555947";"IMPORTACION";"IC04";"IMPORTACION A CONSUMO CON DOCUMENTO DE TRANSPORTE";"02/12/2024";"02/12/2024";"2024";"DICIEMBRE";"SOLUCION LOGISTICA ";7798.04;"CAMION";"V";2;"CHINA";"ARGENTINA";"NUEVO";"UNIDAD";24;165.2;168.69;7106;129.64;71.06;7306.7;56977938.87;0;0;"8481.40.00.000L";"BIENES DE CAPITAL";"BIENES DE CAPITAL";"BIENES DE CAPITAL  ARTICULOS DE GRIFERIA Y ORGANOS SIMILARES PARA\nTUBERIAS, CALDERAS, DEPOSITOS, CUBAS O\nCONTINENTES SIMILARES, INCLUIDAS LAS VALVULAS\nREDUCTORAS DE PRESION Y LAS VALVULAS\nTERMOSTATICAS        -V¿lvulas de alivio o seguridad";"ARTICULOS DE GRIFERIA Y ORGANOS SIMILARES PARA\nTUBERIAS, CALDERAS, DEPOSITOS, CUBAS O\nCONTINENTES SIMILARES, INCLUIDAS LAS VALVULAS\nREDUCTORAS DE PRESION Y LAS VALVULAS\nTERMOSTATICAS ";"VALVULAS EN: (24) UND. VALVULAS SEGURIDAD DANFOSS";"";"SIN ACUERDO";0;0;284890;0;5726283;229051;6240224
"24DA000000555947";"IMPORTACION";"IC04";"IMPORTACION A CONSUMO CON DOCUMENTO DE TRANSPORTE";"02/12/2024";"02/12/2024";"2024";"DICIEMBRE";"SOLUCION LOGISTICA ";7798.04;"CAMION";"V";3;"CHINA";"ARGENTINA";"NUEVO";"UNIDAD";4;28.3;29.2;1282.52;23.4;12.83;1318.75;10283665.25;0;0;"8481.30.00.000X";"BIENES DE CAPITAL";"BIENES DE CAPITAL";"BIENES DE CAPITAL  ARTICULOS DE GRIFERIA Y ORGANOS SIMILARES PARA\nTUBERIAS, CALDERAS, DEPOSITOS, CUBAS O\nCONTINENTES SIMILARES, INCLUIDAS LAS VALVULAS\nREDUCTORAS DE PRESION Y LAS VALVULAS\nTERMOSTATICAS        -V¿lvulas de retenci¿n.";"ARTICULOS DE GRIFERIA Y ORGANOS SIMILARES PARA\nTUBERIAS, CALDERAS, DEPOSITOS, CUBAS O\nCONTINENTES SIMILARES, INCLUIDAS LAS VALVULAS\nREDUCTORAS DE PRESION Y LAS VALVULAS\nTERMOSTATICAS ";"VALVULAS EN: (4) UND. VALVULAS DE RETENCION NRVA 50";"DANFOSS";"SIN ACUERDO";0;0;51418;0;1033508;41340;1126266
"24DA000000555947";"IMPORTACION";"IC04";"IMPORTACION A CONSUMO CON DOCUMENTO DE TRANSPORTE";"02/12/2024";"02/12/2024";"2024";"DICIEMBRE";"SOLUCION LOGISTICA ";7798.04;"CAMION";"V";1;"MEXICO";"ARGENTINA";"NUEVO";"UNIDAD";50;1492.297;1661.61;27115.25;494.67;271.16;27881.08;217417777.08;0;0;"8481.80.29.000F";"BIENES DE CAPITAL";"BIENES DE CAPITAL";"BIENES DE CAPITAL  ARTICULOS DE GRIFERIA Y ORGANOS SIMILARES PARA\nTUBERIAS, CALDERAS, DEPOSITOS, CUBAS O\nCONTINENTES SIMILARES, INCLUIDAS LAS VALVULAS\nREDUCTORAS DE PRESION Y LAS VALVULAS\nTERMOSTATICAS    -Los dem¿s art¿culos de grifer¿a y ¿rganos\n similares.    De los tipos utilizados en refrigeraci¿n.       Los dem¿s.";"ARTICULOS DE GRIFERIA Y ORGANOS SIMILARES PARA\nTUBERIAS, CALDERAS, DEPOSITOS, CUBAS O\nCONTINENTES SIMILARES, INCLUIDAS LAS VALVULAS\nREDUCTORAS DE PRESION Y LAS VALVULAS\nTERMOSTATICAS ";"LAS DEMAS EN: (50) UND. VALVULAS DE PASO, VALVULAS DE PASO RECTO DANFOSS";"";"SIN ACUERDO";0;0;1087089;0;21850487;874019;23811595
"24DA000000555947";"IMPORTACION";"IC04";"IMPORTACION A CONSUMO CON DOCUMENTO DE TRANSPORTE";"02/12/2024";"02/12/2024";"2024";"DICIEMBRE";"SOLUCION LOGISTICA ";7798.04;"CAMION";"V";5;"POLONIA";"ARGENTINA";"NUEVO";"UNIDAD";5;13.1;13.8;998.8;18.22;9.98;1027;8008587.08;0;0;"8481.90.90.000V";"BIENES DE CAPITAL";"BIENES DE CAPITAL";"BIENES DE CAPITAL  ARTICULOS DE GRIFERIA Y ORGANOS SIMILARES PARA\nTUBERIAS, CALDERAS, DEPOSITOS, CUBAS O\nCONTINENTES SIMILARES, INCLUIDAS LAS VALVULAS\nREDUCTORAS DE PRESION Y LAS VALVULAS\nTERMOSTATICAS    -Partes.       Las dem¿s.";"ARTICULOS DE GRIFERIA Y ORGANOS SIMILARES PARA\nTUBERIAS, CALDERAS, DEPOSITOS, CUBAS O\nCONTINENTES SIMILARES, INCLUIDAS LAS VALVULAS\nREDUCTORAS DE PRESION Y LAS VALVULAS\nTERMOSTATICAS ";"LAS DEMAS EN: (5) UND. CUERPO PILOTO CVP PARA VALVULAS";"DANFOSS";"SIN ACUERDO";0;0;40043;0;804863;32195;877101
"24DA000000555947";"IMPORTACION";"IC04";"IMPORTACION A CONSUMO CON DOCUMENTO DE TRANSPORTE";"02/12/2024";"02/12/2024";"2024";"DICIEMBRE";"SOLUCION LOGISTICA ";7798.04;"CAMION";"V";4;"INDIA";"ARGENTINA";"NUEVO";"UNIDAD";14;181.103;186.7;518.7;9.46;5.19;533.35;4159084.63;0;0;"8481.80.99.000Z";"BIENES DE CAPITAL";"BIENES DE CAPITAL";"BIENES DE CAPITAL  ARTICULOS DE GRIFERIA Y ORGANOS SIMILARES PARA\nTUBERIAS, CALDERAS, DEPOSITOS, CUBAS O\nCONTINENTES SIMILARES, INCLUIDAS LAS VALVULAS\nREDUCTORAS DE PRESION Y LAS VALVULAS\nTERMOSTATICAS    -Los dem¿s art¿culos de grifer¿a y ¿rganos\n similares.    Los dem¿s.   Los dem¿s.";"ARTICULOS DE GRIFERIA Y ORGANOS SIMILARES PARA\nTUBERIAS, CALDERAS, DEPOSITOS, CUBAS O\nCONTINENTES SIMILARES, INCLUIDAS LAS VALVULAS\nREDUCTORAS DE PRESION Y LAS VALVULAS\nTERMOSTATICAS ";"LAS DEMAS EN: (14) UND. VALVULAS DE AGUJA SNV-ST 1/4";"DANFOSS";"SIN ACUERDO";0;0;20795;0;417988;16720;455503
"24DA000000555948";"EXPORTACION";"EFC1";"EXPORTACION COMPLEMENTARIA";"29/11/2024";"02/12/2024";"2024";"DICIEMBRE";"ENCARNACION";7805.73;"CAMION";"V";1;"PARAGUAY";"ARGENTINA";"NUEVO";"METROS";260000;15455.9;15819.9;42120;4000;0;46120;360000267.6;0;0;"5603.12.40.000Q";"MANUFACTURAS DE TEJIDOS ( PRENDAS Y COMPLEMENTOS DE VESTIR)";"CAPITULO 56 GUATA, FIELTRO Y TELAS SIN TEJER; HILADOS ESPECIALES; CORDELES, CUERDAS Y CORDAJES;ARTICULOS DE CORDELERIA.";"CAPITULO 56 GUATA, FIELTRO Y TELAS SIN TEJER; HILADOS ESPECIALES; CORDELES, CUERDAS Y CORDAJES;ARTICULOS DE CORDELERIA.  TELA SIN TEJER, INCLUSO IMPREGNADA, RECUBIERTA, REVESTIDA O ESTRATIFICADA. -De filamentos sint¿ticos o artificiales.  -De filamentos sint¿ticos o artificiales. --De peso superior a 25 g/m2 pero inferior o igual a 70 g/m2.  --- De polipropileno  De polipropileno";"TELA SIN TEJER, INCLUSO IMPREGNADA, RECUBIERTA, REVESTIDA O ESTRATIFICADA. -De filamentos sint¿ticos o artificiales.";"MEGA SPUN  60 GR * VARIOS COLORES Y TONALID";"SIN MARCA";"MERCOSUR";0;0;0;0;0;0;0
"24DA000000555949";"EXPORTACION";"EM01";"EXPORTACION MAQUILA";"29/11/2024";"02/12/2024";"2024";"DICIEMBRE";"ENCARNACION";7805.73;"CAMION";"V";1;"PARAGUAY";"ARGENTINA";"NUEVO";"METROS";260000;15455.9;15819.9;42120;2037.42;0;44157.42;344680898.02;0;0;"5603.12.40.000Q";"MANUFACTURAS DE TEJIDOS ( PRENDAS Y COMPLEMENTOS DE VESTIR)";"CAPITULO 56 GUATA, FIELTRO Y TELAS SIN TEJER; HILADOS ESPECIALES; CORDELES, CUERDAS Y CORDAJES;ARTICULOS DE CORDELERIA.";"CAPITULO 56 GUATA, FIELTRO Y TELAS SIN TEJER; HILADOS ESPECIALES; CORDELES, CUERDAS Y CORDAJES;ARTICULOS DE CORDELERIA.  TELA SIN TEJER, INCLUSO IMPREGNADA, RECUBIERTA, REVESTIDA O ESTRATIFICADA. -De filamentos sint¿ticos o artificiales.  -De filamentos sint¿ticos o artificiales. --De peso superior a 25 g/m2 pero inferior o igual a 70 g/m2.  --- De polipropileno  De polipropileno";"TELA SIN TEJER, INCLUSO IMPREGNADA, RECUBIERTA, REVESTIDA O ESTRATIFICADA. -De filamentos sint¿ticos o artificiales.";"MEGA SPUN  60 GR * VARIOS COLORES Y TONALID";"SIN MARCA";"MERCOSUR";0;0;0;0;0;0;0
"24DA000000555949";"EXPORTACION";"EM01";"EXPORTACION MAQUILA";"29/11/2024";"02/12/2024";"2024";"DICIEMBRE";"ENCARNACION";7805.73;"CAMION";"V";2;"PARAGUAY";"ARGENTINA";"NUEVO";"METROS";3550000;14899.791;15047.33;40573;1962.58;0;42535.58;332021252.87;0;0;"5603.11.30.000U";"MANUFACTURAS DE TEJIDOS ( PRENDAS Y COMPLEMENTOS DE VESTIR)";"CAPITULO 56 GUATA, FIELTRO Y TELAS SIN TEJER; HILADOS ESPECIALES; CORDELES, CUERDAS Y CORDAJES;ARTICULOS DE CORDELERIA.";"CAPITULO 56 GUATA, FIELTRO Y TELAS SIN TEJER; HILADOS ESPECIALES; CORDELES, CUERDAS Y CORDAJES;ARTICULOS DE CORDELERIA.  TELA SIN TEJER, INCLUSO IMPREGNADA, RECUBIERTA, REVESTIDA O ESTRATIFICADA. -De filamentos sint¿ticos o artificiales.  -De filamentos sint¿ticos o artificiales. --De peso inferior o igual a 25 g/m2.  --- De polipropileno  De polipropileno";"TELA SIN TEJER, INCLUSO IMPREGNADA, RECUBIERTA, REVESTIDA O ESTRATIFICADA. -De filamentos sint¿ticos o artificiales.";"MEGA SPUN  10 GR* VARIOS COLORES Y TONALIDADES";"SIN MARCA";"MERCOSUR";0;0;0;0;0;0;0
"24DA000000555950";"IMPORTACION";"IC04";"IMPORTACION A CONSUMO CON DOCUMENTO DE TRANSPORTE";"02/12/2024";"02/12/2024";"2024";"DICIEMBRE";"CAACUPEMI";7798.04;"CAMION";"V";2;"AUSTRIA";"ALEMANIA";"NUEVO";"UNIDAD";2000;10;10;122.91;4.73;1.22;128.86;1004864;0;0;"8547.20.90.000F";"CAPITULO 85  MAQUINAS, APARATOS Y MATERIAL ELECTRICO Y SUS PARTES; APARATOS DE GRABACION O DE REPROD";"CAPITULO 85  MAQUINAS, APARATOS Y MATERIAL ELECTRICO Y SUS PARTES; APARATOS DE GRABACION O DE REPRODUCCION  DEL SONIDO, APARATOS DE GRABACION O DE REPRODUCCION DE IMAGENES Y DE SONIDOS DE TELEVISION, Y LAS PARTES Y ACCESORIOS DE ESTOSAPARATOS.";"CAPITULO 85  MAQUINAS, APARATOS Y MATERIAL ELECTRICO Y SUS PARTES; APARATOS DE GRABACION O DE REPRODUCCION  DEL SONIDO, APARATOS DE GRABACION O DE REPRODUCCION DE IMAGENES Y DE SONIDOS DE TELEVISION, Y LAS PARTES Y ACCESORIOS DE ESTOSAPARATOS.  PIEZAS AISLANTES TOTALMENTE DE MATERIA AISLANTE\nO QUE LLEVEN SIMPLES PIEZAS METALICAS DE\nENSAMBLADO (POR EJEMPLO: CASQUILLOS ROSCADOS)\nEMBUTIDAS EN LA MASA, PARA MAQUINAS, APARATOS O\nINSTALACIONES ELECTRICAS, EXCEPTO LOS AISLADORES\nDE LA PARTIDA 85.46; TUBOS AISLADORES Y SUS\nPIEZAS DE UNION, DE METALES COMUNES, AISLADOS\nINTERIORMENTE.    -Piezas aislantes de pl¿stico       Las dem¿s";"PIEZAS AISLANTES TOTALMENTE DE MATERIA AISLANTE\nO QUE LLEVEN SIMPLES PIEZAS METALICAS DE\nENSAMBLADO (POR EJEMPLO: CASQUILLOS ROSCADOS)\nEMBUTIDAS EN LA MASA, PARA MAQUINAS, APARATOS O\nINSTALACIONES ELECTRICAS, EXCEPTO LOS AISLADORES\nDE LA PARTIDA 85.46; TUBOS AISLADORES Y SUS\nPIEZAS DE UNION, DE METALES COMUNES, AISLADOS\nINTERIORMENTE. ";"LAS DEMAS PIEZAS AISLANTES FEMALE HOUSING,6PIN BK";"PACKARDG";"SIN ACUERDO";144700;0;5024;0;115459;4618;269801